{
 "fcps": {
  "Anaesthesia": [
   67.233334,
   64.941667,
   63.704167,
   62.733333,
   58.2625,
   55.383333,
   54.6375,
   60.370833,
   52.045833,
   57.276596,
   56.354167,
   63.516667,
   54.0875,
   52.15,
   60.1,
   54.708333,
   60.308333,
   68.358333,
   64.6625,
   56.691667,
   56.145833,
   56.5625,
   52.5875,
   52.183334,
   65.041667,
   64.975,
   72.62,
   62.256,
   49.683333,
   54.533333
  ],
  "Anatomy": [
   66.866667,
   64.933333,
   67.46,
   65.6625
  ],
  "Biochemistry": [
   65.732653,
   64.923158
  ],
  "Cardiac Surgery": [
   57.8875,
   59.4625,
   56.091666,
   52.554167,
   53.766667,
   52.666667,
   51.1375,
   61.75,
   56.588779,
   59.6875,
   58.141667,
   55.533333,
   52.829167,
   46.644681,
   65.6375,
   58.370833,
   57.195833,
   54.516667,
   52.045833
  ],
  "Cardiology": [
   66.633333,
   72.829474,
   71.908334,
   68.9875,
   71.770833,
   70.7,
   70.229167,
   68.670833,
   67.563158,
   67.025,
   51.866667,
   70.695833,
   72.354167,
   70.695833,
   69.720833,
   72.704167,
   70.207483,
   68.339024,
   72.266667,
   71.979167,
   70.931111,
   70.670833,
   70.67027,
   69.670833,
   69.25,
   69.220408,
   69.0875,
   68.6,
   68.541667,
   68.44898,
   67.7125,
   63.525,
   70.0125,
   69.304167,
   68.854167,
   54.415,
   71.654167,
   70.145833,
   69.766667,
   66.2625,
   66.233333
  ],
  "Chemical Pathology": [
   64.954167,
   64.195834,
   63.645833,
   67.95,
   49.670833,
   51.804167
  ],
  "Community Medicine": [
   67.026087,
   66.333334,
   66.0,
   66.204166,
   69.945833,
   65.826531,
   50.596296,
   70.8875,
   66.4,
   65.770833,
   65.295833,
   64.0875
  ],
  "Dermatology": [
   73.1125,
   70.275,
   74.145833,
   76.091667,
   72.974468,
   80.608163,
   74.663945,
   74.729167,
   74.116667,
   74.225
  ],
  "Diagnostic Radiology": [
   67.290667,
   74.753191,
   71.504167,
   73.3625,
   56.733333,
   69.4125,
   69.291304,
   68.8625,
   69.5625,
   68.7375,
   68.261224,
   73.220833,
   77.35,
   73.187755,
   74.683333,
   69.395833,
   75.645833,
   69.041667,
   73.704167,
   48.683333,
   72.952
  ],
  "Emergency Medicine": [
   69.658333,
   69.171429,
   67.825,
   67.775,
   66.7875
  ],
  "Forensic Medicine": [
   69.03271,
   67.2375,
   66.591667,
   67.270833,
   66.940426
  ],
  "General Surgery": [
   66.820833,
   64.704444,
   44.4375,
   59.59855,
   59.558333,
   47.366667,
   66.616667,
   65.3375,
   65.329167,
   64.395833,
   63.821277,
   73.658333,
   68.754167,
   67.85,
   66.879167,
   66.829167,
   62.4625,
   62.391667,
   53.741667,
   68.581081,
   65.7,
   63.558333,
   62.408333,
   61.129167,
   59.941666,
   60.091667,
   59.395834,
   58.1875,
   66.776596,
   60.208333,
   58.991667,
   58.105,
   70.2,
   68.2625,
   66.9375,
   64.993333,
   65.020833,
   64.846392,
   63.645833,
   63.116666,
   69.376744,
   68.440136,
   68.125,
   66.925,
   66.076871,
   61.428369,
   61.375,
   60.92449,
   60.870922,
   73.120833,
   68.608333,
   68.370833,
   68.275,
   66.916667,
   70.870833,
   69.716667,
   68.251064,
   68.191667,
   66.0625,
   64.95,
   62.604167,
   62.245833,
   65.225,
   58.6625
  ],
  "Hematology": [
   65.6125,
   63.708333,
   51.238298,
   48.9875,
   47.525,
   66.920833,
   69.379167,
   57.570833,
   52.185263,
   49.295833,
   60.596297,
   70.916667,
   65.778947,
   54.558333,
   53.356
  ],
  "Histopathology": [
   50.071698,
   49.079167,
   51.797872,
   51.126531,
   66.657895,
   59.395833,
   54.866667,
   56.502041,
   53.827723,
   67.168889,
   62.9625
  ],
  "Medical Oncology": [
   70.804166,
   70.725,
   69.370834,
   67.775,
   67.65
  ],
  "Medicine": [
   68.416667,
   68.366667,
   66.517143,
   53.689109,
   45.9,
   67.343478,
   71.595833,
   70.654166,
   70.479166,
   70.245833,
   70.2375,
   71.033333,
   70.445833,
   69.8625,
   67.080272,
   66.538298,
   68.883333,
   68.364,
   67.985106,
   47.4625,
   68.725,
   66.979167,
   72.1,
   70.145833,
   73.108333,
   69.7875,
   67.745833,
   67.675,
   70.804167,
   69.522727,
   71.358333,
   69.875,
   68.6375,
   68.3125,
   72.066667,
   71.233333,
   71.154166,
   70.683333,
   69.2,
   68.545833,
   67.625,
   67.3375,
   53.230612,
   70.907483,
   68.054386,
   67.8875,
   67.804166,
   67.6,
   67.433333,
   67.358333,
   67.358333,
   73.383333,
   71.379167,
   70.9125,
   70.8875,
   70.125,
   68.016667,
   66.933333,
   66.7875,
   71.2,
   69.7375,
   68.366666,
   67.933333,
   70.134667,
   69.689333,
   69.416667,
   68.395833,
   68.348227,
   67.716667
  ],
  "Nephrology": [
   73.341666,
   69.291667,
   73.429167,
   74.05,
   69.291667,
   72.902041,
   73.7125,
   68.958333,
   69.236364,
   72.112,
   70.820833
  ],
  "Neuro Surgery": [
   55.095833,
   62.758333,
   55.775,
   58.591304,
   58.098969,
   59.525,
   59.346939,
   64.158333,
   61.1,
   66.989474,
   66.256522,
   65.204167,
   64.920834,
   64.141667,
   60.341666,
   60.041667,
   56.741667,
   51.5375,
   54.5625,
   59.575,
   54.395833
  ],
  "Neurology": [
   67.821951,
   67.279167,
   69.258333,
   71.15,
   72.520834,
   68.791667,
   69.980952
  ],
  "Obstetrics & Gynecology": [
   71.666667,
   73.958333,
   72.791667,
   76.654167,
   75.583333,
   75.225,
   74.9625,
   73.066667,
   72.786957,
   71.233334,
   70.091489,
   72.679167,
   72.3375,
   70.629167,
   73.808333,
   69.908333,
   75.645833,
   73.634483,
   73.4875,
   69.9375,
   69.695652,
   70.025,
   73.976,
   72.475,
   70.083333,
   69.983333,
   69.9375,
   69.879167,
   63.058333,
   75.654167,
   75.633333,
   75.1,
   73.741667,
   73.575,
   74.065306,
   70.397959,
   70.341667,
   70.204167,
   74.17619,
   71.70068,
   71.433333,
   71.404167,
   71.179167,
   70.808333,
   56.059184,
   47.876,
   74.975,
   73.0625,
   70.816667,
   77.179167,
   76.208333,
   75.745833,
   74.75,
   74.583333,
   48.845833,
   75.620833,
   74.208333,
   74.395833,
   72.041666,
   71.629167,
   71.425,
   76.028,
   75.864,
   74.632,
   74.348,
   74.136,
   72.945833,
   72.7125,
   71.783333
  ],
  "Ophthalmology": [
   69.217391,
   72.1625,
   69.05,
   58.154166,
   65.154167,
   69.254167,
   63.670833,
   67.833333,
   61.584397,
   61.507801,
   61.054167,
   60.268,
   73.604166,
   63.004167,
   60.091667,
   59.970833,
   65.3875,
   44.873913
  ],
  "Orthopedic Surgery": [
   65.225,
   66.5125,
   70.283333,
   69.45,
   70.675,
   68.47234,
   69.310638,
   63.9125,
   68.208333,
   67.75,
   68.3125,
   66.183333,
   70.091667,
   73.183333,
   71.129167,
   70.233333,
   69.020833,
   68.9875,
   68.829167,
   71.204167,
   68.758333,
   65.583333,
   75.291667,
   68.545833,
   64.220833
  ],
  "Otorhinolaryngology ENT": [
   51.39,
   57.608334,
   48.6875,
   49.725,
   65.641667,
   51.833333,
   56.116667,
   60.795833,
   56.45,
   45.819149,
   56.774419,
   53.554167,
   50.8375,
   53.45,
   55.95699,
   55.229166,
   48.033333
  ],
  "Pediatric Surgery": [
   62.108333,
   62.358333,
   63.608333,
   60.545833,
   60.425,
   60.075,
   59.737415,
   59.616667,
   57.678261,
   57.345834,
   55.270833,
   43.6,
   59.179167,
   64.654166,
   57.183333,
   58.955102,
   58.441667,
   59.766667,
   56.7875,
   56.35
  ],